Serviceid;Date;User_id
20;2-Thg1-18;40709217
20;2-Thg1-18;40709217
984;22-Thg3-18;18246539
269;22-Thg3-18;18246539
666;1-Thg4-18;18246539
326;1-Thg4-18;18246539
1014;9-Thg6-18;40725355
1014;9-Thg6-18;40725355
299;8-Thg6-18;40725355
1014;12-Thg6-18;40725355
398;12-Thg6-18;40725355
983;25-Thg6-18;40725355
270;25-Thg6-18;40725355
487;4-Thg1-18;40727154
742;4-Thg1-18;40727154
667;4-Thg1-18;40727154
487;5-Thg1-18;40727154
487;6-Thg1-18;40727154
1136;2-Thg1-18;40716114
1136;2-Thg1-18;40716114
1136;2-Thg1-18;40716114
1014;2-Thg1-18;40716114
4;4-Thg1-18;40725207
667;21-Thg1-18;40725207
333;21-Thg1-18;40725207
4;24-Thg3-18;40725207
273;24-Thg3-18;40725207
273;7-Thg7-18;40725207
4;7-Thg7-18;40725207
981;11-Thg2-18;40721453
742;11-Thg2-18;40721453
1014;11-Thg2-18;40721453
981;17-Thg2-18;40721453
271;17-Thg2-18;40721453
271;17-Thg2-18;40721453
1366;17-Thg2-18;40721453
650;22-Thg2-18;40721453
742;5-Thg3-18;40721453
981;6-Thg3-18;40721453
742;6-Thg3-18;40721453
271;6-Thg3-18;40721453
981;2-Thg4-18;40721453
742;2-Thg4-18;40721453
271;2-Thg4-18;40721453
742;04-Thaìng Nãm-18;40721453
3998;04-Thaìng Nãm-18;40721453
3998;06-Thaìng Nãm-18;40721453
3998;07-Thaìng Nãm-18;40721453
742;21-Thaìng Nãm-18;40721453
3998;22-Thaìng Nãm-18;40721453
3998;30-Thg6-18;40721453
3998;20-Thg7-18;40721453
3998;19-Thg7-18;40721453
3998;19-Thg7-18;40721453
742;19-Thg7-18;40721453
742;20-Thg7-18;40721453
3998;21-Thg7-18;40721453
3998;21-Thg7-18;40721453
3998;22-Thg7-18;40721453
3998;23-Thg7-18;40721453
11;22-Thg1-18;40721940
11;16-Thg6-18;40721940
299;5-Thg1-18;40733443
487;5-Thg1-18;40733443
487;6-Thg1-18;40733443
487;7-Thg1-18;40733443
271;20-Thg1-18;40733443
981;20-Thg1-18;40733443
299;20-Thg1-18;40733443
981;4-Thg2-18;40733443
299;4-Thg2-18;40733443
1014;4-Thg2-18;40733443
981;18-Thg2-18;40733443
299;18-Thg2-18;40733443
1014;18-Thg2-18;40733443
19;5-Thg1-18;40726229
487;5-Thg1-18;40726229
487;6-Thg1-18;40726229
487;7-Thg1-18;40726229
1014;8-Thg1-18;40726229
981;8-Thg1-18;40726229
1014;8-Thg1-18;40726229
65;4-Thg1-18;40729435
946;4-Thg1-18;40729435
658;4-Thg1-18;40729435
946;25-Thg1-18;40729435
658;25-Thg1-18;40729435
65;25-Thg1-18;40729435
946;22-Thg1-18;4958104
310;22-Thg1-18;4958104
333;22-Thg1-18;4958104
64;22-Thg1-18;4958104
667;22-Thg1-18;4958104
333;24-Thg1-18;4958104
667;24-Thg1-18;4958104
667;25-Thg1-18;4958104
333;25-Thg1-18;4958104
667;25-Thg1-18;4958104
333;25-Thg1-18;4958104
333;27-Thg1-18;4958104
667;27-Thg1-18;4958104
333;29-Thg1-18;4958104
667;29-Thg1-18;4958104
946;4-Thg2-18;4958104
64;4-Thg2-18;4958104
310;4-Thg2-18;4958104
667;5-Thg2-18;4958104
333;5-Thg2-18;4958104
667;6-Thg2-18;4958104
333;6-Thg2-18;4958104
333;11-Thg2-18;4958104
667;11-Thg2-18;4958104
667;12-Thg2-18;4958104
333;12-Thg2-18;4958104
333;14-Thg2-18;4958104
333;14-Thg2-18;4958104
667;14-Thg2-18;4958104
667;14-Thg2-18;4958104
946;13-Thg2-18;4958104
310;13-Thg2-18;4958104
64;13-Thg2-18;4958104
64;2-Thg3-18;4958104
310;2-Thg3-18;4958104
273;2-Thg3-18;4958104
64;3-Thg3-18;4958104
273;3-Thg3-18;4958104
333;3-Thg3-18;4958104
667;3-Thg3-18;4958104
310;3-Thg3-18;4958104
273;4-Thg3-18;4958104
64;4-Thg3-18;4958104
310;4-Thg3-18;4958104
64;8-Thg3-18;4958104
273;8-Thg3-18;4958104
310;8-Thg3-18;4958104
273;11-Thg3-18;4958104
64;11-Thg3-18;4958104
310;11-Thg3-18;4958104
667;14-Thg6-18;4958104
667;14-Thg6-18;4958104
64;14-Thg6-18;4958104
333;14-Thg6-18;4958104
310;14-Thg6-18;4958104
273;14-Thg6-18;4958104
333;14-Thg6-18;4958104
268;30-Thg6-18;4958104
12;21-Thaìng Nãm-18;40710302
481;23-Thaìng Nãm-18;40710302
1014;24-Thaìng Nãm-18;40710302
981;24-Thaìng Nãm-18;40710302
285;24-Thg6-18;40710302
1014;3-Thg1-18;40721654
20;3-Thg1-18;40721654
1014;4-Thg1-18;40721654
271;20-Thg1-18;40721654
981;20-Thg1-18;40721654
271;28-Thg2-18;40721654
20;28-Thg2-18;40721654
981;20-Thg3-18;40721654
271;20-Thg3-18;40721654
271;24-Thg4-18;40721654
981;24-Thg4-18;40721654
20;24-Thg4-18;40721654
1014;24-Thg4-18;40721654
1014;29-Thaìng Nãm-18;40721654
270;30-Thg6-18;40721654
20;30-Thg6-18;40721654
983;30-Thg6-18;40721654
481;3-Thg1-18;30456022
18;3-Thg1-18;30456022
18;3-Thg3-18;30456022
481;3-Thg3-18;30456022
47;25-Thg6-18;40741577
299;25-Thg6-18;40741577
333;4-Thg7-18;40741577
667;4-Thg7-18;40741577
299;4-Thg7-18;40741577
299;8-Thg7-18;40741577
47;18-Thg7-18;40741577
268;18-Thg7-18;40741577
981;6-Thg1-18;40743475
20;6-Thg1-18;40743475
1014;6-Thg1-18;40743475
1136;2-Thg1-18;25674126
333;2-Thg1-18;25674126
667;2-Thg1-18;25674126
667;8-Thg1-18;25674126
333;8-Thg1-18;25674126
13;8-Thg1-18;25674126
487;8-Thg1-18;25674126
13;8-Thg1-18;25674126
326;8-Thg1-18;25674126
666;8-Thg1-18;25674126
13;8-Thg1-18;25674126
981;8-Thg1-18;25674126
13;8-Thg1-18;25674126
1014;8-Thg1-18;25674126
487;9-Thg1-18;25674126
333;9-Thg1-18;25674126
667;9-Thg1-18;25674126
667;9-Thg1-18;25674126
333;9-Thg1-18;25674126
13;9-Thg1-18;25674126
487;10-Thg1-18;25674126
13;10-Thg1-18;25674126
333;12-Thg1-18;25674126
667;12-Thg1-18;25674126
981;12-Thg1-18;25674126
13;12-Thg1-18;25674126
1014;12-Thg1-18;25674126
667;13-Thg1-18;25674126
333;13-Thg1-18;25674126
13;13-Thg1-18;25674126
667;14-Thg1-18;25674126
333;14-Thg1-18;25674126
13;14-Thg1-18;25674126
13;14-Thg1-18;25674126
333;15-Thg1-18;25674126
667;15-Thg1-18;25674126
667;16-Thg1-18;25674126
667;17-Thg1-18;25674126
333;16-Thg1-18;25674126
333;17-Thg1-18;25674126
13;17-Thg1-18;25674126
13;18-Thg1-18;25674126
333;18-Thg1-18;25674126
667;18-Thg1-18;25674126
667;19-Thg1-18;25674126
333;19-Thg1-18;25674126
333;21-Thg1-18;25674126
667;21-Thg1-18;25674126
667;22-Thg1-18;25674126
333;22-Thg1-18;25674126
13;22-Thg1-18;25674126
326;22-Thg1-18;25674126
13;21-Thg1-18;25674126
667;21-Thg1-18;25674126
666;22-Thg1-18;25674126
333;21-Thg1-18;25674126
333;21-Thg1-18;25674126
667;21-Thg1-18;25674126
13;22-Thg1-18;25674126
326;22-Thg1-18;25674126
666;22-Thg1-18;25674126
13;22-Thg1-18;25674126
333;23-Thg1-18;25674126
667;23-Thg1-18;25674126
326;24-Thg1-18;25674126
1014;24-Thg1-18;25674126
333;24-Thg1-18;25674126
981;24-Thg1-18;25674126
13;24-Thg1-18;25674126
666;24-Thg1-18;25674126
667;24-Thg1-18;25674126
13;25-Thg1-18;25674126
326;25-Thg1-18;25674126
666;25-Thg1-18;25674126
1014;26-Thg1-18;25674126
981;26-Thg1-18;25674126
13;26-Thg1-18;25674126
667;26-Thg1-18;25674126
333;26-Thg1-18;25674126
666;27-Thg1-18;25674126
13;27-Thg1-18;25674126
326;27-Thg1-18;25674126
667;27-Thg1-18;25674126
333;27-Thg1-18;25674126
13;27-Thg1-18;25674126
667;28-Thg1-18;25674126
333;28-Thg1-18;25674126
13;28-Thg1-18;25674126
13;31-Thg1-18;25674126
326;31-Thg1-18;25674126
666;31-Thg1-18;25674126
666;3-Thg2-18;25674126
326;3-Thg2-18;25674126
333;3-Thg2-18;25674126
13;3-Thg2-18;25674126
667;3-Thg2-18;25674126
666;3-Thg2-18;25674126
326;3-Thg2-18;25674126
667;4-Thg2-18;25674126
667;4-Thg2-18;25674126
333;4-Thg2-18;25674126
333;4-Thg2-18;25674126
13;4-Thg2-18;25674126
333;8-Thg2-18;25674126
13;8-Thg2-18;25674126
667;8-Thg2-18;25674126
13;11-Thg2-18;25674126
326;11-Thg2-18;25674126
666;11-Thg2-18;25674126
667;12-Thg2-18;25674126
333;12-Thg2-18;25674126
333;14-Thg2-18;25674126
667;14-Thg2-18;25674126
667;20-Thg2-18;25674126
333;20-Thg2-18;25674126
13;20-Thg2-18;25674126
333;21-Thg2-18;25674126
13;21-Thg2-18;25674126
667;21-Thg2-18;25674126
333;23-Thg2-18;25674126
667;23-Thg2-18;25674126
333;23-Thg2-18;25674126
333;23-Thg2-18;25674126
667;23-Thg2-18;25674126
667;23-Thg2-18;25674126
333;24-Thg2-18;25674126
13;24-Thg2-18;25674126
667;24-Thg2-18;25674126
667;26-Thg2-18;25674126
333;26-Thg2-18;25674126
333;25-Thg2-18;25674126
667;25-Thg2-18;25674126
326;27-Thg2-18;25674126
666;27-Thg2-18;25674126
333;6-Thg3-18;25674126
13;6-Thg3-18;25674126
667;6-Thg3-18;25674126
333;7-Thg3-18;25674126
13;7-Thg3-18;25674126
667;7-Thg3-18;25674126
667;7-Thg3-18;25674126
333;7-Thg3-18;25674126
333;9-Thg3-18;25674126
333;10-Thg3-18;25674126
326;11-Thg3-18;25674126
666;11-Thg3-18;25674126
667;9-Thg3-18;25674126
667;10-Thg3-18;25674126
13;13-Thg3-18;25674126
333;13-Thg3-18;25674126
667;13-Thg3-18;25674126
333;18-Thg3-18;25674126
333;18-Thg3-18;25674126
13;18-Thg3-18;25674126
667;18-Thg3-18;25674126
667;18-Thg3-18;25674126
1014;19-Thg3-18;25674126
981;19-Thg3-18;25674126
13;19-Thg3-18;25674126
666;19-Thg3-18;25674126
326;19-Thg3-18;25674126
666;23-Thg3-18;25674126
666;23-Thg3-18;25674126
326;23-Thg3-18;25674126
326;23-Thg3-18;25674126
667;22-Thg3-18;25674126
333;22-Thg3-18;25674126
13;22-Thg3-18;25674126
333;25-Thg3-18;25674126
13;25-Thg3-18;25674126
667;25-Thg3-18;25674126
667;27-Thg3-18;25674126
667;27-Thg3-18;25674126
333;27-Thg3-18;25674126
333;27-Thg3-18;25674126
333;31-Thg3-18;25674126
13;31-Thg3-18;25674126
667;31-Thg3-18;25674126
333;1-Thg4-18;25674126
667;1-Thg4-18;25674126
333;2-Thg4-18;25674126
13;2-Thg4-18;25674126
667;2-Thg4-18;25674126
667;3-Thg4-18;25674126
333;3-Thg4-18;25674126
667;4-Thg4-18;25674126
333;4-Thg4-18;25674126
13;4-Thg4-18;25674126
333;5-Thg4-18;25674126
13;5-Thg4-18;25674126
667;5-Thg4-18;25674126
667;6-Thg4-18;25674126
333;6-Thg4-18;25674126
667;19-Thg4-18;25674126
333;19-Thg4-18;25674126
333;20-Thg4-18;25674126
13;20-Thg4-18;25674126
667;20-Thg4-18;25674126
333;22-Thg4-18;25674126
667;22-Thg4-18;25674126
333;24-Thg4-18;25674126
667;24-Thg4-18;25674126
13;23-Thg4-18;25674126
981;23-Thg4-18;25674126
271;23-Thg4-18;25674126
667;24-Thg4-18;25674126
333;24-Thg4-18;25674126
333;26-Thg4-18;25674126
13;26-Thg4-18;25674126
667;26-Thg4-18;25674126
667;30-Thg4-18;25674126
333;30-Thg4-18;25674126
13;02-Thaìng Nãm-18;25674126
667;02-Thaìng Nãm-18;25674126
333;02-Thaìng Nãm-18;25674126
982;04-Thaìng Nãm-18;25674126
13;04-Thaìng Nãm-18;25674126
268;04-Thaìng Nãm-18;25674126
326;21-Thg6-18;25674126
666;21-Thg6-18;25674126
13;21-Thg6-18;25674126
666;22-Thg6-18;25674126
326;22-Thg6-18;25674126
981;23-Thg6-18;25674126
1014;23-Thg6-18;25674126
1014;5-Thg7-18;25674126
666;5-Thg7-18;25674126
326;5-Thg7-18;25674126
667;5-Thg7-18;25674126
13;5-Thg7-18;25674126
333;5-Thg7-18;25674126
981;5-Thg7-18;25674126
667;6-Thg7-18;25674126
333;6-Thg7-18;25674126
13;24-Thg7-18;25674126
667;24-Thg7-18;25674126
333;24-Thg7-18;25674126
666;26-Thg7-18;25674126
326;26-Thg7-18;25674126
981;26-Thg7-18;25674126
1014;3-Thg1-18;21307673
981;3-Thg1-18;21307673
18;3-Thg1-18;21307673
667;10-Thg1-18;21307673
333;10-Thg1-18;21307673
18;10-Thg1-18;21307673
271;20-Thg1-18;21307673
981;20-Thg1-18;21307673
18;20-Thg1-18;21307673
271;21-Thg1-18;21307673
981;21-Thg1-18;21307673
18;21-Thg1-18;21307673
1014;21-Thg1-18;21307673
981;21-Thg1-18;21307673
18;21-Thg1-18;21307673
1014;5-Thg2-18;21307673
981;5-Thg2-18;21307673
18;5-Thg2-18;21307673
271;8-Thg2-18;21307673
981;8-Thg2-18;21307673
18;8-Thg2-18;21307673
268;28-Thg2-18;21307673
271;28-Thg2-18;21307673
981;28-Thg2-18;21307673
982;28-Thg2-18;21307673
18;28-Thg2-18;21307673
18;28-Thg2-18;21307673
1014;16-Thg3-18;21307673
1014;16-Thg3-18;21307673
981;16-Thg3-18;21307673
981;16-Thg3-18;21307673
18;16-Thg3-18;21307673
271;21-Thg3-18;21307673
981;21-Thg3-18;21307673
18;21-Thg3-18;21307673
982;24-Thg3-18;21307673
983;24-Thg3-18;21307673
18;24-Thg3-18;21307673
18;24-Thg3-18;21307673
268;24-Thg3-18;21307673
270;24-Thg3-18;21307673
982;28-Thg3-18;21307673
333;28-Thg3-18;21307673
667;28-Thg3-18;21307673
268;28-Thg3-18;21307673
270;3-Thg4-18;21307673
983;3-Thg4-18;21307673
18;3-Thg4-18;21307673
981;9-Thg4-18;21307673
18;9-Thg4-18;21307673
1014;9-Thg4-18;21307673
981;10-Thg4-18;21307673
981;11-Thg4-18;21307673
18;10-Thg4-18;21307673
18;11-Thg4-18;21307673
1014;10-Thg4-18;21307673
1014;11-Thg4-18;21307673
981;13-Thg4-18;21307673
18;13-Thg4-18;21307673
1014;13-Thg4-18;21307673
1014;15-Thg4-18;21307673
981;15-Thg4-18;21307673
18;15-Thg4-18;21307673
1014;20-Thg4-18;21307673
18;20-Thg4-18;21307673
981;20-Thg4-18;21307673
18;21-Thg4-18;21307673
981;21-Thg4-18;21307673
1014;21-Thg4-18;21307673
18;23-Thg4-18;21307673
981;23-Thg4-18;21307673
18;23-Thg4-18;21307673
981;23-Thg4-18;21307673
271;23-Thg4-18;21307673
271;23-Thg4-18;21307673
18;26-Thg4-18;21307673
18;26-Thg4-18;21307673
981;26-Thg4-18;21307673
981;26-Thg4-18;21307673
983;26-Thg4-18;21307673
983;26-Thg4-18;21307673
270;26-Thg4-18;21307673
270;26-Thg4-18;21307673
271;26-Thg4-18;21307673
271;26-Thg4-18;21307673
982;03-Thaìng Nãm-18;21307673
268;03-Thaìng Nãm-18;21307673
1014;03-Thaìng Nãm-18;21307673
981;03-Thaìng Nãm-18;21307673
1014;06-Thaìng Nãm-18;21307673
981;06-Thaìng Nãm-18;21307673
18;19-Thaìng Nãm-18;21307673
271;19-Thaìng Nãm-18;21307673
981;19-Thaìng Nãm-18;21307673
18;21-Thaìng Nãm-18;21307673
270;21-Thaìng Nãm-18;21307673
983;21-Thaìng Nãm-18;21307673
1014;21-Thaìng Nãm-18;21307673
981;21-Thaìng Nãm-18;21307673
18;31-Thaìng Nãm-18;21307673
981;31-Thaìng Nãm-18;21307673
271;31-Thaìng Nãm-18;21307673
268;5-Thg6-18;21307673
982;5-Thg6-18;21307673
18;5-Thg6-18;21307673
271;20-Thg6-18;21307673
981;20-Thg6-18;21307673
18;20-Thg6-18;21307673
1014;3-Thg7-18;21307673
981;3-Thg7-18;21307673
18;3-Thg7-18;21307673
1014;16-Thg7-18;21307673
981;16-Thg7-18;21307673
18;16-Thg7-18;21307673
1014;17-Thg7-18;21307673
981;17-Thg7-18;21307673
18;17-Thg7-18;21307673
18;20-Thg7-18;21307673
271;20-Thg7-18;21307673
981;20-Thg7-18;21307673
981;22-Thg7-18;21307673
1014;22-Thg7-18;21307673
981;27-Thg7-18;21307673
18;27-Thg7-18;21307673
18;27-Thg7-18;21307673
983;27-Thg7-18;21307673
270;27-Thg7-18;21307673
273;4-Thg1-18;36301869
668;4-Thg1-18;36301869
65;4-Thg1-18;36301869
658;4-Thg1-18;36301869
1366;3-Thg2-18;36301869
1366;3-Thg2-18;36301869
1366;3-Thg2-18;36301869
981;13-Thg3-18;36301869
487;13-Thg3-18;36301869
487;13-Thg3-18;36301869
487;13-Thg3-18;36301869
18;13-Thg3-18;36301869
1014;13-Thg3-18;36301869
268;14-Thg3-18;36301869
982;14-Thg3-18;36301869
18;14-Thg3-18;36301869
268;18-Thg3-18;36301869
268;18-Thg3-18;36301869
982;18-Thg3-18;36301869
982;18-Thg3-18;36301869
18;18-Thg3-18;36301869
268;29-Thg3-18;36301869
398;29-Thg3-18;36301869
268;29-Thg3-18;36301869
271;5-Thg4-18;36301869
981;5-Thg4-18;36301869
18;5-Thg4-18;36301869
1014;7-Thg4-18;36301869
981;7-Thg4-18;36301869
18;7-Thg4-18;36301869
268;8-Thg4-18;36301869
982;8-Thg4-18;36301869
18;8-Thg4-18;36301869
268;10-Thg4-18;36301869
982;10-Thg4-18;36301869
18;10-Thg4-18;36301869
981;12-Thg4-18;36301869
18;12-Thg4-18;36301869
1014;12-Thg4-18;36301869
268;12-Thg4-18;36301869
982;12-Thg4-18;36301869
18;12-Thg4-18;36301869
268;17-Thg4-18;36301869
18;17-Thg4-18;36301869
982;17-Thg4-18;36301869
981;20-Thg4-18;36301869
18;20-Thg4-18;36301869
1014;20-Thg4-18;36301869
982;20-Thg4-18;36301869
268;20-Thg4-18;36301869
982;22-Thg4-18;36301869
18;22-Thg4-18;36301869
268;22-Thg4-18;36301869
18;24-Thg4-18;36301869
981;24-Thg4-18;36301869
1014;24-Thg4-18;36301869
268;24-Thg4-18;36301869
65;24-Thg4-18;36301869
658;24-Thg4-18;36301869
18;24-Thg4-18;36301869
982;24-Thg4-18;36301869
268;27-Thg4-18;36301869
18;27-Thg4-18;36301869
982;27-Thg4-18;36301869
982;01-Thaìng Nãm-18;36301869
18;01-Thaìng Nãm-18;36301869
268;01-Thaìng Nãm-18;36301869
18;02-Thaìng Nãm-18;36301869
18;02-Thaìng Nãm-18;36301869
3976;02-Thaìng Nãm-18;36301869
982;02-Thaìng Nãm-18;36301869
268;02-Thaìng Nãm-18;36301869
981;02-Thaìng Nãm-18;36301869
18;04-Thaìng Nãm-18;36301869
3976;04-Thaìng Nãm-18;36301869
981;04-Thaìng Nãm-18;36301869
667;09-Thaìng Nãm-18;36301869
268;08-Thaìng Nãm-18;36301869
982;08-Thaìng Nãm-18;36301869
18;09-Thaìng Nãm-18;36301869
333;09-Thaìng Nãm-18;36301869
981;10-Thaìng Nãm-18;36301869
18;10-Thaìng Nãm-18;36301869
18;12-Thaìng Nãm-18;36301869
268;13-Thaìng Nãm-18;36301869
982;13-Thaìng Nãm-18;36301869
18;13-Thaìng Nãm-18;36301869
1014;10-Thaìng Nãm-18;36301869
261;14-Thaìng Nãm-18;36301869
363;14-Thaìng Nãm-18;36301869
18;14-Thaìng Nãm-18;36301869
261;15-Thaìng Nãm-18;36301869
363;15-Thaìng Nãm-18;36301869
1014;16-Thaìng Nãm-18;36301869
18;16-Thaìng Nãm-18;36301869
18;16-Thaìng Nãm-18;36301869
363;16-Thaìng Nãm-18;36301869
261;17-Thaìng Nãm-18;36301869
261;17-Thaìng Nãm-18;36301869
982;16-Thaìng Nãm-18;36301869
268;17-Thaìng Nãm-18;36301869
18;16-Thaìng Nãm-18;36301869
261;16-Thaìng Nãm-18;36301869
981;16-Thaìng Nãm-18;36301869
268;16-Thaìng Nãm-18;36301869
18;17-Thaìng Nãm-18;36301869
363;17-Thaìng Nãm-18;36301869
363;17-Thaìng Nãm-18;36301869
18;17-Thaìng Nãm-18;36301869
18;17-Thaìng Nãm-18;36301869
982;17-Thaìng Nãm-18;36301869
981;19-Thaìng Nãm-18;36301869
271;19-Thaìng Nãm-18;36301869
18;19-Thaìng Nãm-18;36301869
18;22-Thaìng Nãm-18;36301869
268;22-Thaìng Nãm-18;36301869
18;21-Thaìng Nãm-18;36301869
261;21-Thaìng Nãm-18;36301869
982;22-Thaìng Nãm-18;36301869
363;21-Thaìng Nãm-18;36301869
18;22-Thaìng Nãm-18;36301869
981;22-Thaìng Nãm-18;36301869
271;22-Thaìng Nãm-18;36301869
18;24-Thaìng Nãm-18;36301869
363;24-Thaìng Nãm-18;36301869
261;24-Thaìng Nãm-18;36301869
982;25-Thaìng Nãm-18;36301869
18;25-Thaìng Nãm-18;36301869
268;25-Thaìng Nãm-18;36301869
261;27-Thaìng Nãm-18;36301869
18;27-Thaìng Nãm-18;36301869
982;27-Thaìng Nãm-18;36301869
363;27-Thaìng Nãm-18;36301869
18;27-Thaìng Nãm-18;36301869
18;27-Thaìng Nãm-18;36301869
261;26-Thaìng Nãm-18;36301869
363;26-Thaìng Nãm-18;36301869
363;27-Thaìng Nãm-18;36301869
363;27-Thaìng Nãm-18;36301869
261;26-Thaìng Nãm-18;36301869
55;27-Thaìng Nãm-18;36301869
268;27-Thaìng Nãm-18;36301869
18;27-Thaìng Nãm-18;36301869
363;26-Thaìng Nãm-18;36301869
261;27-Thaìng Nãm-18;36301869
363;27-Thaìng Nãm-18;36301869
18;27-Thaìng Nãm-18;36301869
18;26-Thaìng Nãm-18;36301869
363;27-Thaìng Nãm-18;36301869
18;26-Thaìng Nãm-18;36301869
261;27-Thaìng Nãm-18;36301869
18;27-Thaìng Nãm-18;36301869
261;27-Thaìng Nãm-18;36301869
261;27-Thaìng Nãm-18;36301869
18;27-Thaìng Nãm-18;36301869
363;27-Thaìng Nãm-18;36301869
18;28-Thaìng Nãm-18;36301869
1014;28-Thaìng Nãm-18;36301869
18;28-Thaìng Nãm-18;36301869
18;28-Thaìng Nãm-18;36301869
981;28-Thaìng Nãm-18;36301869
984;28-Thaìng Nãm-18;36301869
271;28-Thaìng Nãm-18;36301869
261;27-Thaìng Nãm-18;36301869
269;28-Thaìng Nãm-18;36301869
981;28-Thaìng Nãm-18;36301869
261;1-Thg6-18;36301869
261;1-Thg6-18;36301869
18;1-Thg6-18;36301869
18;1-Thg6-18;36301869
363;1-Thg6-18;36301869
363;1-Thg6-18;36301869
261;1-Thg6-18;36301869
363;1-Thg6-18;36301869
18;1-Thg6-18;36301869
268;2-Thg6-18;36301869
982;2-Thg6-18;36301869
982;4-Thg6-18;36301869
18;4-Thg6-18;36301869
268;4-Thg6-18;36301869
1014;5-Thg6-18;36301869
18;5-Thg6-18;36301869
981;5-Thg6-18;36301869
1014;6-Thg6-18;36301869
1014;6-Thg6-18;36301869
981;6-Thg6-18;36301869
981;6-Thg6-18;36301869
18;6-Thg6-18;36301869
18;6-Thg6-18;36301869
268;9-Thg6-18;36301869
18;9-Thg6-18;36301869
982;9-Thg6-18;36301869
268;12-Thg6-18;36301869
18;12-Thg6-18;36301869
982;12-Thg6-18;36301869
268;15-Thg6-18;36301869
1014;15-Thg6-18;36301869
1014;15-Thg6-18;36301869
981;15-Thg6-18;36301869
18;15-Thg6-18;36301869
981;15-Thg6-18;36301869
18;15-Thg6-18;36301869
18;15-Thg6-18;36301869
982;15-Thg6-18;36301869
268;16-Thg6-18;36301869
18;16-Thg6-18;36301869
982;16-Thg6-18;36301869
18;17-Thg6-18;36301869
982;17-Thg6-18;36301869
268;17-Thg6-18;36301869
268;19-Thg6-18;36301869
982;19-Thg6-18;36301869
18;19-Thg6-18;36301869
982;22-Thg6-18;36301869
18;22-Thg6-18;36301869
268;22-Thg6-18;36301869
268;22-Thg6-18;36301869
982;22-Thg6-18;36301869
268;24-Thg6-18;36301869
18;23-Thg6-18;36301869
285;23-Thg6-18;36301869
982;24-Thg6-18;36301869
18;24-Thg6-18;36301869
285;25-Thg6-18;36301869
18;25-Thg6-18;36301869
1014;27-Thg6-18;36301869
981;27-Thg6-18;36301869
18;27-Thg6-18;36301869
18;28-Thg6-18;36301869
68;28-Thg6-18;36301869
55;28-Thg6-18;36301869
18;28-Thg6-18;36301869
982;28-Thg6-18;36301869
18;28-Thg6-18;36301869
268;28-Thg6-18;36301869
268;1-Thg7-18;36301869
982;1-Thg7-18;36301869
18;1-Thg7-18;36301869
1014;4-Thg7-18;36301869
981;4-Thg7-18;36301869
982;5-Thg7-18;36301869
268;5-Thg7-18;36301869
18;5-Thg7-18;36301869
982;9-Thg7-18;36301869
982;9-Thg7-18;36301869
268;9-Thg7-18;36301869
18;9-Thg7-18;36301869
18;9-Thg7-18;36301869
268;9-Thg7-18;36301869
1014;10-Thg7-18;36301869
18;10-Thg7-18;36301869
981;10-Thg7-18;36301869
981;11-Thg7-18;36301869
18;11-Thg7-18;36301869
4483;11-Thg7-18;36301869
268;12-Thg7-18;36301869
18;12-Thg7-18;36301869
982;12-Thg7-18;36301869
285;12-Thg7-18;36301869
1366;12-Thg7-18;36301869
268;13-Thg7-18;36301869
982;13-Thg7-18;36301869
18;13-Thg7-18;36301869
18;14-Thg7-18;36301869
333;14-Thg7-18;36301869
667;14-Thg7-18;36301869
18;16-Thg7-18;36301869
667;16-Thg7-18;36301869
333;16-Thg7-18;36301869
268;18-Thg7-18;36301869
982;18-Thg7-18;36301869
18;18-Thg7-18;36301869
18;20-Thg7-18;36301869
981;20-Thg7-18;36301869
271;20-Thg7-18;36301869
667;20-Thg7-18;36301869
18;20-Thg7-18;36301869
18;20-Thg7-18;36301869
982;20-Thg7-18;36301869
257;20-Thg7-18;36301869
333;20-Thg7-18;36301869
269;21-Thg7-18;36301869
984;21-Thg7-18;36301869
18;21-Thg7-18;36301869
18;21-Thg7-18;36301869
333;21-Thg7-18;36301869
667;21-Thg7-18;36301869
982;23-Thg7-18;36301869
268;23-Thg7-18;36301869
18;23-Thg7-18;36301869
18;23-Thg7-18;36301869
981;23-Thg7-18;36301869
18;26-Thg7-18;36301869
982;26-Thg7-18;36301869
268;26-Thg7-18;36301869
68;26-Thg7-18;36301869
18;26-Thg7-18;36301869
18;26-Thg7-18;36301869
55;26-Thg7-18;36301869
487;5-Thg1-18;40732990
742;5-Thg1-18;40732990
271;5-Thg1-18;40732990
1014;6-Thg1-18;40732990
487;6-Thg1-18;40732990
487;7-Thg1-18;40732990
1014;7-Thg1-18;40732990
398;7-Thg1-18;40732990
981;20-Thg1-18;40732990
742;20-Thg1-18;40732990
271;20-Thg1-18;40732990
271;8-Thg2-18;40732990
981;8-Thg2-18;40732990
742;8-Thg2-18;40732990
981;8-Thg2-18;40732990
742;8-Thg2-18;40732990
271;8-Thg2-18;40732990
273;5-Thg1-18;3676235
481;6-Thg1-18;3676235
904;9-Thg1-18;3676235
355;9-Thg1-18;3676235
273;29-Thg1-18;3676235
1014;31-Thg1-18;3676235
981;31-Thg1-18;3676235
904;9-Thg2-18;3676235
355;9-Thg2-18;3676235
263;21-Thg2-18;3676235
904;21-Thg2-18;3676235
985;21-Thg2-18;3676235
355;21-Thg2-18;3676235
271;4-Thg3-18;3676235
981;4-Thg3-18;3676235
981;9-Thg3-18;3676235
981;9-Thg3-18;3676235
985;9-Thg3-18;3676235
1014;9-Thg3-18;3676235
1014;9-Thg3-18;3676235
263;9-Thg3-18;3676235
904;29-Thg3-18;3676235
355;29-Thg3-18;3676235
904;3-Thg4-18;3676235
355;3-Thg4-18;3676235
355;12-Thg4-18;3676235
904;12-Thg4-18;3676235
273;6-Thg1-18;40743306
481;13-Thg1-18;40743306
12;20-Thg1-18;40743306
981;20-Thg1-18;40743306
981;20-Thg1-18;40743306
271;20-Thg1-18;40743306
1014;20-Thg1-18;40743306
271;20-Thg1-18;40743306
271;20-Thg1-18;40743306
981;20-Thg1-18;40743306
981;20-Thg1-18;40743306
12;20-Thg1-18;40743306
981;20-Thg1-18;40743306
981;20-Thg1-18;40743306
981;20-Thg1-18;40743306
981;20-Thg1-18;40743306
981;20-Thg1-18;40743306
271;20-Thg1-18;40743306
271;20-Thg1-18;40743306
271;20-Thg1-18;40743306
271;20-Thg1-18;40743306
271;20-Thg1-18;40743306
271;20-Thg1-18;40743306
271;20-Thg1-18;40743306
981;20-Thg1-18;40743306
981;20-Thg1-18;40743306
481;21-Thg1-18;40743306
981;23-Thg1-18;40743306
981;23-Thg1-18;40743306
1014;23-Thg1-18;40743306
1014;23-Thg1-18;40743306
981;31-Thg1-18;40743306
1014;31-Thg1-18;40743306
1366;3-Thg2-18;40743306
12;8-Thg2-18;40743306
12;8-Thg2-18;40743306
12;8-Thg2-18;40743306
981;8-Thg2-18;40743306
981;8-Thg2-18;40743306
271;8-Thg2-18;40743306
271;8-Thg2-18;40743306
1366;8-Thg2-18;40743306
1366;8-Thg2-18;40743306
981;8-Thg2-18;40743306
982;8-Thg2-18;40743306
268;8-Thg2-18;40743306
271;8-Thg2-18;40743306
1014;11-Thg2-18;40743306
981;11-Thg2-18;40743306
268;20-Thg2-18;40743306
982;20-Thg2-18;40743306
1014;21-Thg2-18;40743306
981;21-Thg2-18;40743306
981;22-Thg2-18;40743306
1014;22-Thg2-18;40743306
981;22-Thg2-18;40743306
1014;22-Thg2-18;40743306
1014;22-Thg2-18;40743306
12;22-Thg2-18;40743306
981;22-Thg2-18;40743306
1366;25-Thg2-18;40743306
1366;25-Thg2-18;40743306
12;26-Thg2-18;40743306
12;26-Thg2-18;40743306
481;25-Thg2-18;40743306
54;28-Thg2-18;40743306
981;28-Thg2-18;40743306
981;28-Thg2-18;40743306
271;28-Thg2-18;40743306
271;28-Thg2-18;40743306
12;28-Thg2-18;40743306
12;28-Thg2-18;40743306
981;28-Thg2-18;40743306
982;28-Thg2-18;40743306
1014;28-Thg2-18;40743306
268;28-Thg2-18;40743306
982;28-Thg2-18;40743306
268;28-Thg2-18;40743306
12;28-Thg2-18;40743306
12;28-Thg2-18;40743306
1366;6-Thg3-18;40743306
1366;6-Thg3-18;40743306
981;9-Thg3-18;40743306
1014;9-Thg3-18;40743306
981;20-Thg3-18;40743306
271;20-Thg3-18;40743306
271;24-Thg3-18;40743306
981;24-Thg3-18;40743306
1014;26-Thg3-18;40743306
981;26-Thg3-18;40743306
271;28-Thg3-18;40743306
981;28-Thg3-18;40743306
981;18-Thg4-18;40743306
1014;18-Thg4-18;40743306
982;22-Thg4-18;40743306
981;22-Thg4-18;40743306
1014;22-Thg4-18;40743306
268;22-Thg4-18;40743306
12;25-Thg4-18;40743306
981;26-Thg4-18;40743306
1014;26-Thg4-18;40743306
981;27-Thg4-18;40743306
981;27-Thg4-18;40743306
981;27-Thg4-18;40743306
981;27-Thg4-18;40743306
271;27-Thg4-18;40743306
271;27-Thg4-18;40743306
271;27-Thg4-18;40743306
271;27-Thg4-18;40743306
12;27-Thg4-18;40743306
12;27-Thg4-18;40743306
271;28-Thg4-18;40743306
981;28-Thg4-18;40743306
12;28-Thg4-18;40743306
981;02-Thaìng Nãm-18;40743306
3976;02-Thaìng Nãm-18;40743306
268;03-Thaìng Nãm-18;40743306
982;03-Thaìng Nãm-18;40743306
1014;03-Thaìng Nãm-18;40743306
981;03-Thaìng Nãm-18;40743306
12;04-Thaìng Nãm-18;40743306
1086;04-Thaìng Nãm-18;40743306
271;13-Thaìng Nãm-18;40743306
1014;13-Thaìng Nãm-18;40743306
1014;13-Thaìng Nãm-18;40743306
981;13-Thaìng Nãm-18;40743306
12;13-Thaìng Nãm-18;40743306
12;13-Thaìng Nãm-18;40743306
981;13-Thaìng Nãm-18;40743306
981;13-Thaìng Nãm-18;40743306
285;13-Thaìng Nãm-18;40743306
981;14-Thaìng Nãm-18;40743306
981;14-Thaìng Nãm-18;40743306
12;14-Thaìng Nãm-18;40743306
1014;14-Thaìng Nãm-18;40743306
271;14-Thaìng Nãm-18;40743306
271;30-Thg6-18;40743306
299;2-Thg1-18;40713102
487;2-Thg1-18;40713102
487;3-Thg1-18;40713102
487;4-Thg1-18;40713102
1014;4-Thg1-18;40713102
63;5-Thg1-18;40713102
398;5-Thg1-18;40713102
270;12-Thg1-18;40713102
271;20-Thg1-18;40713102
981;20-Thg1-18;40713102
271;1-Thg3-18;40713102
271;31-Thaìng Nãm-18;40713102
326;21-Thg6-18;40713102
299;21-Thg6-18;40713102
666;21-Thg6-18;40713102
983;16-Thg7-18;40713102
270;16-Thg7-18;40713102
299;16-Thg7-18;40713102
271;20-Thg7-18;40713102
981;20-Thg7-18;40713102
299;20-Thg7-18;40713102
299;11-Thg1-18;40749915
487;11-Thg1-18;40749915
487;12-Thg1-18;40749915
487;13-Thg1-18;40749915
326;16-Thg6-18;40749915
666;16-Thg6-18;40749915
285;26-Thg6-18;40749915
279;26-Thg6-18;40749915
308;26-Thg6-18;40749915
299;3-Thg7-18;40749915
666;5-Thg7-18;40749915
326;5-Thg7-18;40749915
1136;2-Thg1-18;40717503
1366;18-Thg4-18;40717503
20;12-Thg1-18;40728678
268;12-Thg1-18;40728678
1014;13-Thg1-18;40728678
1014;14-Thg1-18;40728678
20;21-Thg1-18;40728678
981;21-Thg1-18;40728678
271;21-Thg1-18;40728678
981;8-Thg2-18;40728678
20;8-Thg2-18;40728678
271;8-Thg2-18;40728678
20;9-Thg2-18;40728678
271;9-Thg2-18;40728678
981;9-Thg2-18;40728678
981;2-Thg4-18;40728678
20;2-Thg4-18;40728678
3976;2-Thg4-18;40728678
981;14-Thaìng Nãm-18;40728678
20;14-Thaìng Nãm-18;40728678
1014;14-Thaìng Nãm-18;40728678
270;30-Thg6-18;40728678
299;7-Thg1-18;40745532
271;20-Thg1-18;40745532
271;20-Thg1-18;40745532
271;20-Thg1-18;40745532
981;20-Thg1-18;40745532
1014;26-Thg3-18;40745532
271;31-Thaìng Nãm-18;40745532
1014;4-Thg1-18;36142806
487;4-Thg1-18;36142806
18;4-Thg1-18;36142806
271;5-Thg1-18;36142806
487;5-Thg1-18;36142806
487;6-Thg1-18;36142806
1014;20-Thg1-18;36142806
1366;8-Thg2-18;36142806
18;8-Thg2-18;36142806
981;8-Thg2-18;36142806
983;8-Thg2-18;36142806
270;8-Thg2-18;36142806
271;8-Thg2-18;36142806
981;17-Thg2-18;36142806
271;17-Thg2-18;36142806
981;28-Thg2-18;36142806
1014;28-Thg2-18;36142806
981;22-Thg3-18;36142806
18;22-Thg3-18;36142806
271;22-Thg3-18;36142806
981;21-Thg3-18;36142806
18;21-Thg3-18;36142806
1014;21-Thg3-18;36142806
18;5-Thg4-18;36142806
1014;5-Thg4-18;36142806
981;5-Thg4-18;36142806
330;5-Thg4-18;36142806
18;5-Thg4-18;36142806
659;5-Thg4-18;36142806
982;10-Thg4-18;36142806
18;10-Thg4-18;36142806
268;10-Thg4-18;36142806
981;12-Thg4-18;36142806
18;12-Thg4-18;36142806
1014;12-Thg4-18;36142806
23;01-Thaìng Nãm-18;36142806
18;01-Thaìng Nãm-18;36142806
316;01-Thaìng Nãm-18;36142806
18;22-Thaìng Nãm-18;36142806
981;22-Thaìng Nãm-18;36142806
271;22-Thaìng Nãm-18;36142806
981;28-Thg6-18;36142806
18;28-Thg6-18;36142806
1014;28-Thg6-18;36142806
271;30-Thg6-18;36142806
268;3-Thg7-18;36142806
18;3-Thg7-18;36142806
982;3-Thg7-18;36142806
20;7-Thg1-18;40747002
667;7-Thg1-18;40747002
333;7-Thg1-18;40747002
333;9-Thg1-18;40747002
20;9-Thg1-18;40747002
667;9-Thg1-18;40747002
268;31-Thg3-18;40747002
982;31-Thg3-18;40747002
18;6-Thg4-18;40747002
982;24-Thg6-18;40747002
268;24-Thg6-18;40747002
20;26-Thg7-18;40747002
667;1-Thg1-18;20831230
11;1-Thg1-18;20831230
333;1-Thg1-18;20831230
1366;8-Thg2-18;20831230
13;7-Thg1-18;40750022
268;8-Thg1-18;40750022
268;8-Thg1-18;40750022
257;9-Thg1-18;40750022
13;20-Thg1-18;40750022
667;25-Thg1-18;40750022
333;25-Thg1-18;40750022
47;29-Thg1-18;40750022
54;14-Thg2-18;40750022
13;14-Thg2-18;40750022
667;30-Thaìng Nãm-18;40750022
667;29-Thg6-18;40750022
667;29-Thg6-18;40750022
20;1-Thg1-18;11642209
666;2-Thg1-18;11642209
326;2-Thg1-18;11642209
20;3-Thg1-18;11642209
326;9-Thg1-18;11642209
20;9-Thg1-18;11642209
666;9-Thg1-18;11642209
326;9-Thg1-18;11642209
666;9-Thg1-18;11642209
326;11-Thg1-18;11642209
20;11-Thg1-18;11642209
666;11-Thg1-18;11642209
268;12-Thg1-18;11642209
982;12-Thg1-18;11642209
20;12-Thg1-18;11642209
1014;13-Thg1-18;11642209
981;13-Thg1-18;11642209
20;13-Thg1-18;11642209
666;16-Thg1-18;11642209
326;16-Thg1-18;11642209
20;16-Thg1-18;11642209
270;19-Thg1-18;11642209
983;19-Thg1-18;11642209
20;19-Thg1-18;11642209
666;21-Thg1-18;11642209
326;21-Thg1-18;11642209
667;23-Thg1-18;11642209
333;23-Thg1-18;11642209
20;23-Thg1-18;11642209
326;23-Thg1-18;11642209
666;23-Thg1-18;11642209
326;24-Thg1-18;11642209
20;24-Thg1-18;11642209
666;24-Thg1-18;11642209
666;28-Thg1-18;11642209
326;28-Thg1-18;11642209
20;28-Thg1-18;11642209
981;2-Thg2-18;11642209
20;2-Thg2-18;11642209
1014;2-Thg2-18;11642209
666;5-Thg2-18;11642209
326;5-Thg2-18;11642209
20;5-Thg2-18;11642209
326;6-Thg2-18;11642209
20;6-Thg2-18;11642209
666;6-Thg2-18;11642209
326;9-Thg2-18;11642209
20;9-Thg2-18;11642209
666;9-Thg2-18;11642209
326;12-Thg2-18;11642209
20;12-Thg2-18;11642209
666;12-Thg2-18;11642209
333;13-Thg2-18;11642209
20;13-Thg2-18;11642209
667;13-Thg2-18;11642209
666;18-Thg2-18;11642209
326;18-Thg2-18;11642209
20;18-Thg2-18;11642209
666;21-Thg2-18;11642209
326;21-Thg2-18;11642209
20;21-Thg2-18;11642209
666;22-Thg2-18;11642209
326;22-Thg2-18;11642209
20;22-Thg2-18;11642209
666;22-Thg2-18;11642209
326;22-Thg2-18;11642209
20;22-Thg2-18;11642209
666;22-Thg2-18;11642209
326;22-Thg2-18;11642209
326;24-Thg2-18;11642209
20;24-Thg2-18;11642209
666;24-Thg2-18;11642209
666;25-Thg2-18;11642209
326;25-Thg2-18;11642209
20;25-Thg2-18;11642209
20;28-Thg2-18;11642209
326;28-Thg2-18;11642209
20;28-Thg2-18;11642209
666;28-Thg2-18;11642209
666;28-Thg2-18;11642209
326;28-Thg2-18;11642209
20;28-Thg2-18;11642209
983;2-Thg3-18;11642209
270;2-Thg3-18;11642209
666;3-Thg3-18;11642209
326;3-Thg3-18;11642209
326;5-Thg3-18;11642209
20;5-Thg3-18;11642209
666;5-Thg3-18;11642209
326;6-Thg3-18;11642209
20;6-Thg3-18;11642209
666;6-Thg3-18;11642209
326;7-Thg3-18;11642209
20;7-Thg3-18;11642209
666;7-Thg3-18;11642209
666;11-Thg3-18;11642209
667;10-Thg3-18;11642209
259;9-Thg3-18;11642209
333;10-Thg3-18;11642209
983;9-Thg3-18;11642209
326;11-Thg3-18;11642209
20;9-Thg3-18;11642209
20;10-Thg3-18;11642209
20;12-Thg3-18;11642209
326;12-Thg3-18;11642209
666;12-Thg3-18;11642209
666;14-Thg3-18;11642209
326;14-Thg3-18;11642209
20;14-Thg3-18;11642209
333;14-Thg3-18;11642209
20;14-Thg3-18;11642209
667;14-Thg3-18;11642209
326;16-Thg3-18;11642209
20;16-Thg3-18;11642209
666;16-Thg3-18;11642209
326;17-Thg3-18;11642209
666;17-Thg3-18;11642209
326;17-Thg3-18;11642209
20;17-Thg3-18;11642209
666;17-Thg3-18;11642209
326;18-Thg3-18;11642209
20;18-Thg3-18;11642209
666;18-Thg3-18;11642209
666;20-Thg3-18;11642209
326;20-Thg3-18;11642209
20;20-Thg3-18;11642209
333;21-Thg3-18;11642209
20;21-Thg3-18;11642209
667;21-Thg3-18;11642209
326;22-Thg3-18;11642209
666;22-Thg3-18;11642209
905;22-Thg3-18;11642209
327;22-Thg3-18;11642209
20;22-Thg3-18;11642209
326;24-Thg3-18;11642209
20;24-Thg3-18;11642209
666;24-Thg3-18;11642209
326;26-Thg3-18;11642209
666;26-Thg3-18;11642209
666;26-Thg3-18;11642209
326;26-Thg3-18;11642209
20;26-Thg3-18;11642209
326;28-Thg3-18;11642209
20;28-Thg3-18;11642209
666;28-Thg3-18;11642209
666;4-Thg4-18;11642209
326;4-Thg4-18;11642209
20;4-Thg4-18;11642209
666;6-Thg4-18;11642209
326;6-Thg4-18;11642209
20;6-Thg4-18;11642209
326;8-Thg4-18;11642209
20;8-Thg4-18;11642209
666;8-Thg4-18;11642209
326;11-Thg4-18;11642209
326;11-Thg4-18;11642209
20;11-Thg4-18;11642209
666;11-Thg4-18;11642209
666;11-Thg4-18;11642209
666;25-Thaìng Nãm-18;11642209
666;29-Thg6-18;11642209
273;2-Thg1-18;40715261
658;2-Thg1-18;40715261
65;2-Thg1-18;40715261
1014;11-Thg1-18;40715261
981;11-Thg1-18;40715261
983;22-Thg1-18;40715261
270;22-Thg1-18;40715261
981;25-Thg1-18;40715261
982;25-Thg1-18;40715261
268;25-Thg1-18;40715261
1014;25-Thg1-18;40715261
981;29-Thg1-18;40715261
1014;29-Thg1-18;40715261
273;7-Thg3-18;40715261
1014;8-Thg3-18;40715261
981;8-Thg3-18;40715261
658;9-Thg3-18;40715261
981;9-Thg3-18;40715261
981;11-Thg3-18;40715261
1014;9-Thg3-18;40715261
1014;11-Thg3-18;40715261
65;9-Thg3-18;40715261
981;2-Thg4-18;40715261
3976;2-Thg4-18;40715261
981;24-Thg4-18;40715261
1014;24-Thg4-18;40715261
271;27-Thg4-18;40715261
981;27-Thg4-18;40715261
2;12-Thg6-17;38411702
2;23-Thaìng Nãm-17;38411702
2;24-Thg8-17;38411702
2;25-Thg9-17;38411702
19;20-Thg3-18;38411702
19;20-Thg3-18;38411702
981;20-Thg3-18;38411702
981;20-Thg3-18;38411702
19;19-Thg3-18;38411702
487;19-Thg3-18;38411702
487;19-Thg3-18;38411702
487;19-Thg3-18;38411702
1014;20-Thg3-18;38411702
271;20-Thg3-18;38411702
271;20-Thg3-18;38411702
271;20-Thg3-18;38411702
19;20-Thg3-18;38411702
981;20-Thg3-18;38411702
271;20-Thg3-18;38411702
19;22-Thg3-18;38411702
981;22-Thg3-18;38411702
981;22-Thg3-18;38411702
1014;22-Thg3-18;38411702
1014;22-Thg3-18;38411702
1014;22-Thg3-18;38411702
398;22-Thg3-18;38411702
271;24-Thg3-18;38411702
19;24-Thg3-18;38411702
981;24-Thg3-18;38411702
19;24-Thg3-18;38411702
981;24-Thg3-18;38411702
271;24-Thg3-18;38411702
981;26-Thg3-18;38411702
1014;26-Thg3-18;38411702
1014;26-Thg3-18;38411702
19;26-Thg3-18;38411702
981;26-Thg3-18;38411702
1014;1-Thg4-18;38411702
19;1-Thg4-18;38411702
981;1-Thg4-18;38411702
271;19-Thaìng Nãm-18;38411702
981;19-Thaìng Nãm-18;38411702
271;19-Thaìng Nãm-18;38411702
981;19-Thaìng Nãm-18;38411702
19;29-Thaìng Nãm-18;38411702
981;31-Thaìng Nãm-18;38411702
271;31-Thaìng Nãm-18;38411702
981;21-Thg6-18;38411702
1014;21-Thg6-18;38411702
487;6-Thg1-18;40740734
18;6-Thg1-18;40740734
487;7-Thg1-18;40740734
487;8-Thg1-18;40740734
1366;8-Thg2-18;40740734
18;7-Thg1-18;2464231
667;16-Thg1-18;2464231
333;16-Thg1-18;2464231
667;26-Thg1-18;2464231
333;26-Thg1-18;2464231
1366;6-Thg2-18;2464231
667;26-Thg3-18;2464231
667;26-Thg4-18;2464231
667;25-Thaìng Nãm-18;2464231
268;22-Thg6-18;2464231
3995;22-Thg6-18;2464231
4095;22-Thg6-18;2464231
18;22-Thg6-18;2464231
982;22-Thg6-18;2464231
18;15-Thg7-18;2464231
363;15-Thg7-18;2464231
1186;15-Thg7-18;2464231
982;23-Thg7-18;2464231
3995;23-Thg7-18;2464231
268;23-Thg7-18;2464231
1014;3-Thg1-18;31485023
487;3-Thg1-18;31485023
18;3-Thg1-18;31485023
487;4-Thg1-18;31485023
1014;5-Thg1-18;31485023
487;5-Thg1-18;31485023
1014;10-Thg1-18;31485023
398;10-Thg1-18;31485023
18;8-Thg1-18;40748360
66;3-Thg2-18;40748360
18;3-Thg2-18;40748360
18;15-Thg2-18;40748360
70;15-Thg2-18;40748360
18;27-Thg2-18;40748360
68;27-Thg2-18;40748360
66;2-Thg3-18;40748360
18;2-Thg3-18;40748360
18;20-Thg3-18;40748360
68;20-Thg3-18;40748360
66;3-Thg4-18;40748360
18;3-Thg4-18;40748360
18;20-Thg4-18;40748360
68;20-Thg4-18;40748360
66;03-Thaìng Nãm-18;40748360
18;03-Thaìng Nãm-18;40748360
981;22-Thaìng Nãm-18;40748360
1014;22-Thaìng Nãm-18;40748360
271;22-Thaìng Nãm-18;40748360
981;22-Thaìng Nãm-18;40748360
1346;24-Thaìng Nãm-18;40748360
68;24-Thaìng Nãm-18;40748360
1346;24-Thaìng Nãm-18;40748360
66;5-Thg6-18;40748360
1346;5-Thg6-18;40748360
20;1-Thg1-18;40708072
981;20-Thg1-18;40708072
982;20-Thg1-18;40708072
20;20-Thg1-18;40708072
271;20-Thg1-18;40708072
268;20-Thg1-18;40708072
271;20-Thg1-18;40708072
981;20-Thg1-18;40708072
667;15-Thg3-18;40708072
333;15-Thg3-18;40708072
20;15-Thg3-18;40708072
271;22-Thg3-18;40708072
981;22-Thg3-18;40708072
20;22-Thg3-18;40708072
1046;1-Thg4-18;40708072
946;5-Thg4-18;40708072
946;5-Thg4-18;40708072
309;5-Thg4-18;40708072
309;5-Thg4-18;40708072
91;5-Thg4-18;40708072
91;5-Thg4-18;40708072
946;6-Thg4-18;40708072
316;6-Thg4-18;40708072
316;6-Thg4-18;40708072
24;6-Thg4-18;40708072
24;6-Thg4-18;40708072
316;7-Thg4-18;40708072
946;7-Thg4-18;40708072
24;7-Thg4-18;40708072
981;8-Thg4-18;40708072
982;8-Thg4-18;40708072
20;8-Thg4-18;40708072
268;8-Thg4-18;40708072
1014;8-Thg4-18;40708072
20;01-Thaìng Nãm-18;40708072
316;04-Thaìng Nãm-18;40708072
273;04-Thaìng Nãm-18;40708072
24;04-Thaìng Nãm-18;40708072
270;08-Thaìng Nãm-18;40708072
983;08-Thaìng Nãm-18;40708072
24;11-Thaìng Nãm-18;40708072
24;11-Thaìng Nãm-18;40708072
24;11-Thaìng Nãm-18;40708072
24;11-Thaìng Nãm-18;40708072
24;11-Thaìng Nãm-18;40708072
946;11-Thaìng Nãm-18;40708072
946;11-Thaìng Nãm-18;40708072
946;11-Thaìng Nãm-18;40708072
316;11-Thaìng Nãm-18;40708072
316;11-Thaìng Nãm-18;40708072
316;11-Thaìng Nãm-18;40708072
316;11-Thaìng Nãm-18;40708072
316;11-Thaìng Nãm-18;40708072
20;17-Thaìng Nãm-18;40708072
268;18-Thaìng Nãm-18;40708072
982;18-Thaìng Nãm-18;40708072
268;17-Thaìng Nãm-18;40708072
982;17-Thaìng Nãm-18;40708072
54;22-Thaìng Nãm-18;40708072
316;25-Thaìng Nãm-18;40708072
24;25-Thaìng Nãm-18;40708072
20;25-Thaìng Nãm-18;40708072
946;25-Thaìng Nãm-18;40708072
285;25-Thaìng Nãm-18;40708072
983;29-Thaìng Nãm-18;40708072
259;29-Thaìng Nãm-18;40708072
56;4-Thg6-18;40708072
270;11-Thg6-18;40708072
20;11-Thg6-18;40708072
983;11-Thg6-18;40708072
308;12-Thg6-18;40708072
279;12-Thg6-18;40708072
273;26-Thg6-18;40708072
82;26-Thg6-18;40708072
20;11-Thg7-18;40708072
259;11-Thg7-18;40708072
983;11-Thg7-18;40708072
82;14-Thg7-18;40708072
20;14-Thg7-18;40708072
125;16-Thg7-18;40708072
1014;29-Thg3-18;40726664
299;8-Thg4-18;40726664
271;9-Thg4-18;40726664
1014;8-Thg4-18;40726664
981;10-Thg4-18;40726664
1014;10-Thg4-18;40726664
1014;31-Thaìng Nãm-18;40726664
271;30-Thg6-18;40726664
299;24-Thg7-18;40726664
981;24-Thg7-18;40726664
981;24-Thg7-18;40726664
299;24-Thg7-18;40726664
299;25-Thg7-18;40726664
981;25-Thg7-18;40726664
20;8-Thg1-18;40720159
1014;8-Thg1-18;40720159
1014;10-Thg1-18;40720159
1014;10-Thg1-18;40720159
981;10-Thg1-18;40720159
981;15-Thg1-18;40720159
20;15-Thg1-18;40720159
1014;15-Thg1-18;40720159
20;19-Thg1-18;40720159
650;20-Thg1-18;40720159
1014;2-Thg2-18;40720159
981;2-Thg2-18;40720159
20;2-Thg2-18;40720159
1014;3-Thg2-18;40720159
981;3-Thg2-18;40720159
20;3-Thg2-18;40720159
486;3-Thg2-18;40720159
1014;4-Thg2-18;40720159
486;5-Thg2-18;40720159
486;5-Thg2-18;40720159
1014;5-Thg2-18;40720159
24;5-Thg2-18;40720159
316;5-Thg2-18;40720159
1014;5-Thg2-18;40720159
981;6-Thg2-18;40720159
20;6-Thg2-18;40720159
1014;6-Thg2-18;40720159
981;6-Thg2-18;40720159
1014;6-Thg2-18;40720159
486;8-Thg2-18;40720159
271;8-Thg2-18;40720159
1014;26-Thg3-18;40720159
486;30-Thg3-18;40720159
486;30-Thg3-18;40720159
271;2-Thg4-18;40720159
271;2-Thg4-18;40720159
271;22-Thaìng Nãm-18;40720159
1014;29-Thg6-18;40720159
1014;19-Thg7-18;40720159
981;19-Thg7-18;40720159
667;29-Thg1-18;40708013
981;16-Thg2-18;40708013
20;16-Thg2-18;40708013
271;16-Thg2-18;40708013
981;17-Thg2-18;40708013
271;17-Thg2-18;40708013
1366;17-Thg2-18;40708013
268;17-Thg2-18;40708013
982;17-Thg2-18;40708013
333;18-Thg2-18;40708013
667;18-Thg2-18;40708013
1366;25-Thg2-18;40708013
1366;25-Thg2-18;40708013
667;25-Thg2-18;40708013
1366;25-Thg2-18;40708013
1366;25-Thg2-18;40708013
1366;25-Thg2-18;40708013
1366;25-Thg2-18;40708013
1366;27-Thg2-18;40708013
1366;27-Thg2-18;40708013
1366;27-Thg2-18;40708013
1366;27-Thg2-18;40708013
1366;27-Thg2-18;40708013
667;22-Thg3-18;40708013
667;22-Thaìng Nãm-18;40708013
10;25-Thg7-18;40708013
333;25-Thg7-18;40708013
667;25-Thg7-18;40708013
333;18-Thg4-18;40722339
333;18-Thg4-18;40722339
13;18-Thg4-18;40722339
667;18-Thg4-18;40722339
667;18-Thg4-18;40722339
333;18-Thaìng Nãm-18;40722339
333;18-Thaìng Nãm-18;40722339
13;18-Thaìng Nãm-18;40722339
667;19-Thaìng Nãm-18;40722339
333;19-Thaìng Nãm-18;40722339
333;19-Thaìng Nãm-18;40722339
667;19-Thaìng Nãm-18;40722339
1166;18-Thaìng Nãm-18;40722339
667;18-Thaìng Nãm-18;40722339
667;18-Thaìng Nãm-18;40722339
667;18-Thaìng Nãm-18;40722339
333;18-Thaìng Nãm-18;40722339
13;25-Thaìng Nãm-18;40722339
54;25-Thaìng Nãm-18;40722339
456;25-Thaìng Nãm-18;40722339
667;25-Thaìng Nãm-18;40722339
333;25-Thaìng Nãm-18;40722339
333;29-Thaìng Nãm-18;40722339
667;29-Thaìng Nãm-18;40722339
667;30-Thaìng Nãm-18;40722339
333;30-Thaìng Nãm-18;40722339
333;30-Thaìng Nãm-18;40722339
667;30-Thaìng Nãm-18;40722339
667;1-Thg6-18;40722339
268;1-Thg6-18;40722339
667;1-Thg6-18;40722339
333;1-Thg6-18;40722339
982;1-Thg6-18;40722339
333;1-Thg6-18;40722339
13;1-Thg6-18;40722339
1166;9-Thg6-18;40722339
1014;9-Thg6-18;40722339
981;9-Thg6-18;40722339
667;10-Thg6-18;40722339
333;10-Thg6-18;40722339
667;13-Thg6-18;40722339
333;13-Thg6-18;40722339
667;14-Thg6-18;40722339
333;14-Thg6-18;40722339
667;15-Thg6-18;40722339
333;15-Thg6-18;40722339
333;16-Thg6-18;40722339
333;16-Thg6-18;40722339
667;16-Thg6-18;40722339
667;16-Thg6-18;40722339
54;18-Thg6-18;40722339
54;18-Thg6-18;40722339
667;18-Thg6-18;40722339
13;18-Thg6-18;40722339
333;18-Thg6-18;40722339
1014;18-Thg6-18;40722339
1014;18-Thg6-18;40722339
667;18-Thg6-18;40722339
981;18-Thg6-18;40722339
333;18-Thg6-18;40722339
981;18-Thg6-18;40722339
333;21-Thg6-18;40722339
333;21-Thg6-18;40722339
667;21-Thg6-18;40722339
667;21-Thg6-18;40722339
333;22-Thg6-18;40722339
667;22-Thg6-18;40722339
1014;23-Thg6-18;40722339
981;23-Thg6-18;40722339
667;23-Thg6-18;40722339
333;23-Thg6-18;40722339
333;25-Thg6-18;40722339
981;25-Thg6-18;40722339
667;25-Thg6-18;40722339
1014;25-Thg6-18;40722339
667;26-Thg6-18;40722339
667;26-Thg6-18;40722339
333;26-Thg6-18;40722339
333;26-Thg6-18;40722339
13;26-Thg6-18;40722339
273;28-Thg6-18;40722339
667;11-Thg7-18;40722339
333;11-Thg7-18;40722339
333;12-Thg7-18;40722339
667;12-Thg7-18;40722339
456;12-Thg7-18;40722339
1166;18-Thg7-18;40722339
13;18-Thg7-18;40722339
667;18-Thg7-18;40722339
333;18-Thg7-18;40722339
54;18-Thg7-18;40722339
54;18-Thg7-18;40722339
333;18-Thg7-18;40722339
667;18-Thg7-18;40722339
667;18-Thg7-18;40722339
333;18-Thg7-18;40722339
13;25-Thg7-18;40722339
982;25-Thg7-18;40722339
268;25-Thg7-18;40722339
982;25-Thg7-18;40722339
268;25-Thg7-18;40722339
269;26-Thg7-18;40722339
984;26-Thg7-18;40722339
333;26-Thg7-18;40722339
667;26-Thg7-18;40722339
